{"cameraMode":{"drawMode":0,"name":"Shaded","section":"Shading Mode"},"sceneLighting":true,"audioPlay":false,"sceneViewState":{"m_AlwaysRefresh":false,"showFog":true,"showSkybox":true,"showFlares":true,"showImageEffects":true,"showParticleSystems":true,"showVisualEffectGraphs":true,"m_FxEnabled":true},"in2DMode":false,"pivot":{"x":-134.80421447753907,"y":-28.065555572509767,"z":261.53912353515627},"rotation":{"x":-0.04937109351158142,"y":0.2482791244983673,"z":-0.01268946286290884,"w":-0.9673228859901428},"size":148.74317932128907,"orthographic":false}