{"cameraMode":{"drawMode":0,"name":"Shaded","section":"Shading Mode"},"sceneLighting":true,"audioPlay":false,"sceneViewState":{"m_AlwaysRefresh":false,"showFog":true,"showSkybox":true,"showFlares":true,"showImageEffects":true,"showParticleSystems":true,"showVisualEffectGraphs":true,"m_FxEnabled":true},"in2DMode":false,"pivot":{"x":-41.70086669921875,"y":6.3600544929504398,"z":2.6670644283294679},"rotation":{"x":-0.013512970879673958,"y":-0.7219335436820984,"z":-0.014057254418730736,"w":0.6916214227676392},"size":8.695954322814942,"orthographic":false}